Business Name,Contact Name / Role,Category / Niche,City / Area,Phone Number,Secondary Contact / Platform,Current Web Presence Status,Key Services Offered,Diagnosed Pain Point / Hook,Recommended Plan,Personalized Pitch Opener (Copy & Paste)
Deluxe Detailing Brampton,Owner / Lead Detailer,Mobile Auto Detailing,"Brampton, ON",(647) 564-9766,Facebook: @DeluxeDetailingBrampton,"Facebook Page only (active since 2016), no dedicated website domain","Bronze ($50), Silver ($80), Gold ($120), Deluxe ($160) mobile interior/exterior detailing packages","Has operated for 8+ years with clear tiered packages and loyal clientele, but loses high-volume Google search leads because there is no website or online booking calendar.",$29/month Business Plan,"Hi Deluxe Detailing! Saw your detailing packages on Facebook and reviews in Brampton. Are you guys currently taking bookings through a website, or just calls and DMs? We can design a clean 5-page website preview for you with online package booking for $29/mo with zero setup fee."
Ink N Shine Detailing,Lead Detailer,Mobile Auto Detailing,"Mississauga & Brampton, ON",(416) 919-8421,(416) 908-8435 / inknshinedetailing@gmail.com,"Facebook Page only (@inknshinedetailing), no dedicated website domain","Full vehicle restoration, interior shampoo, paint polish (strictly limits to 2 vehicles/day)","Premium mobile-only detailer limiting jobs to 2/day for top quality, but spends excessive time manually qualifying leads in DMs and texts instead of using an automated booking intake portal.",$29/month Business Plan,"Hey Ink N Shine! Loved your mobile restoration work. Since you limit bookings to 2 vehicles a day, we can design a free booking website preview for you so clients can reserve spots without DM back-and-forth for $29/mo ($0 setup). Want to take a look?"
ProFinish Car Detailing,Lead Detailer,Mobile & Studio Auto Detailing,"Scarborough, ON (32 Telfer Gardens)",(647) 606-8994,IG: @profinish_cardetailing / TikTok: @profinishcar_detailing,"Instagram & Facebook only, no website domain","Deep interior cleaning, seat shampoo, hand wash & wax, Uber/rideshare detailing, rim restoration","Very active on Instagram/TikTok showcasing showroom finishes, but has zero Google search presence or mobile booking page in Scarborough for organic client acquisition.",$29/month Business Plan,Hi ProFinish! Saw your car transformations on Instagram in Scarborough. Notice you take bookings via text/call—we can design a free mobile-friendly booking website for you at $29/mo so clients can book directly off Google. Want to see a concept?
ShineXpert Detailing,Lead Detailer,Mobile Auto Detailing & Paint Correction,"Brampton & GTA, ON",(647) 612-0140,(647) 894-3994,"Facebook Page only, no dedicated company website","Steam cleaning, carpet shampoo, ceramic coating, post-winter salt removal packages from $120","Actively promotes seasonal salt-removal and ceramic coating packages on social media, but lacks a dedicated landing page to collect customer vehicle specs, address, and schedule appointments.",$29/month Business Plan,Hi ShineXpert! Saw your mobile detailing promotions in Brampton. Are you taking spring/fall bookings through a website yet? We can design a free 5-page website preview for you with online quote requests for $29/mo ($0 setup).
Mobile Detailing GTA (Raza Jafri),Raza Jafri,Mobile Car Detailing,"Scarborough & East GTA, ON",(647) 545-2069,Facebook Marketplace / Local Listings,"Facebook page & local listings only, no website","Tiered mobile detailing packages (Silver, Gold, Diamond), interior shampoo, exterior hand wax",High reliance on manual phone/text inquiries and community groups without a professional landing page showcasing package differences.,$29/month Business Plan,Hi Raza! Saw your mobile detailing tiers in Scarborough. We can design a clean 5-page mobile website preview showing package pricing and booking forms for $29/mo with $0 upfront. Would you like to see it?
Certified Auto Care,Operations Manager,Mobile Detailing & Steam Cleaning,"Brampton, ON",(647) 323-0212,(905) 782-9000,"Facebook Page only, no website domain","Mobile interior steam cleaning, shampooing, odor elimination, exterior paint protection",Explaining service inclusions over the phone takes too long; an interactive pricing table and quote form would increase booking conversion.,$29/month Business Plan,Hi Certified Auto Care! Noticed you offer mobile steam cleaning in Brampton but don't have a website linked on your profile. We can design a free modern 5-page website preview for your auto care business at $29/mo with zero setup. Interested?
Eezy Peezy Car Detailing,Lead Detailer,Mobile Auto Detailing,"Scarborough & Markham, ON",(416) 230-5170,Facebook: Eezy Peezy Car Detailing,"Facebook page only, no dedicated website","Mobile detailing, engine bay cleaning, headlight restoration, interior sterilization",Specialized services like engine bay cleaning and headlight restoration convert far better with before/after visual sliders on a custom website.,$29/month Business Plan,Hi Eezy Peezy! Saw your mobile detailing and headlight restoration work in Scarborough/Markham. We can design a clean mobile website preview showcasing before/after work and quote forms for $29/mo with $0 upfront. Would you like to check it out?
Emillio’s Mobile Car Detailing,Emillio (Owner),Mobile Car Detailing,"Markham & Stouffville, ON",(647) 325-4816,Facebook: Emillio's Mobile Car Detailing,"Facebook page only, no website domain","Full interior detailing, stain removal, leather/plastic re-shining, mobile service to home/office","Serves affluent vehicle owners in Markham and Stouffville who expect a polished, professional web booking experience rather than sending Facebook DMs.",$29/month Business Plan,Hi Emillio! Saw your interior detailing work in Markham & Stouffville. Have you thought about having an online booking website so clients don't have to wait for text replies? We can design a free website mockup for you at $29/mo ($0 setup).
A1 Hand Carwash & Detailing,Shop Manager,Hand Car Wash & Detailing,"Scarborough, ON (2230 Kingston Rd)",(647) 862-8895,Local Directory listing,"Physical location with directory listing only, no company website","Interior & exterior hand car wash, hand wax, tire shine, high-speed buffing",Prime retail location on Kingston Rd but has zero web presence to capture local residents searching for reputable hand wash and detailing near them.,$19/month Core Plan,Hi A1 Hand Carwash! Saw your Kingston Rd shop. We can design a clean 5-page website preview for your car care shop with package menus and hours for $19/mo with $0 setup. Would you like to see it?
416 AUTO SPA,Owner / Manager,Auto Detailing Studio,"Scarborough, ON (24 Melham Court, Unit 5)",(647) 883-0113,Facebook: 416 Auto Spa,"Facebook page only, no dedicated website","In-shop auto detailing, ceramic coating, paint correction, interior disinfection","High-end studio service without a website; customers investing $300–$800+ in ceramic coating expect a verified website showcasing warranties, product brands, and facilities.",$29/month Business Plan,"Hi 416 Auto Spa! Saw your studio setup on Melham Court. For ceramic coatings and full details, a modern website builds instant trust. We can design a free website preview for you at $29/mo with $0 setup."
Everything Detailing & Tint,Lead Installer,Window Tinting & Vinyl Wraps,"Scarborough, Markham & Mississauga, ON",(647) 919-4622,Facebook: Everything Detailing,"Facebook page only, no website domain","Automotive window tinting, ceramic coating, vinyl car wraps, custom styling",High-ticket custom wraps and ceramic jobs need a high-resolution visual gallery to close sports car and luxury SUV owners searching online.,$29/month Business Plan,Hi Everything Detailing! Loved the vinyl wraps and tint jobs you've done in the GTA. We can design a free portfolio website preview for you with instant quote calculators for $29/mo with $0 setup. Want to take a look?
Tint Express Canada,Shop Manager,Window Tint & Customization,"Mississauga & Scarborough, ON",(437) 989-0776,(647) 500-3412,"Facebook page only, no dedicated company website","Window tinting starting at $49, ceramic tint, chrome delete, vinyl wraps",High transaction volume managed completely over text and social DM; an online booking flow with vehicle year/make/model selector would streamline bookings.,$29/month Business Plan,Hi Tint Express! Saw your window tint and wrap work across Mississauga & Scarborough. We can design a custom vehicle tint estimator website preview for you at $29/mo with $0 setup. Interested?
Yukon Plumbing & Mechanical Inc.,Principal Contractor,Plumbing & Mechanical Contracting,"Brampton & Peel Region, ON",(647) 336-0376,Facebook: facebook.com/376YUKON,"Facebook listing only, no official corporate website","Residential and commercial plumbing, emergency pipe leak repairs, drain unclogging, mechanical repairs","Incorporated plumbing and mechanical company without a corporate website, which prevents winning lucrative commercial building maintenance contracts.",$29/month Business Plan,Hi Yukon Plumbing! Noticed Yukon Plumbing & Mechanical doesn't have an official website for Brampton homeowners and commercial clients. We can design a free 5-page website preview for you at $29/mo with $0 setup.
Dayan Plumbing Inc.,Andy (Master Plumber),Emergency Plumbing & Drain Cleaning,"Markham & Vaughan / GTA, ON",(647) 779-9887,(647) 642-2289 (Direct text Andy),"Facebook page only, broken placeholder link on business directories, no website","24/7 emergency plumbing, drain snaking, camera inspections, toilet/vanity/pipe repair",Homeowners in emergency plumbing situations look for a quick tap-to-call mobile site with licensing proof. The current broken directory link costs them high-ticket emergency calls.,$29/month Business Plan,Hi Andy! Saw Dayan Plumbing recommended for emergency repairs in Brampton. Noticed you don't have a live website linked on Google for instant emergency calls. We can design a 5-page mobile website for you with tap-to-call for $29/mo with $0 setup.
AVA Plumbing & Renovation,Project Lead,Plumbing & Bathroom Renovation,"Richmond Hill, Vaughan & Markham, ON",(647) 674-2712,(647) 886-7204,"Facebook page only, no dedicated website","Full bathroom remodels, plumbing repairs, drain & pipe work, drywall, tile, finish carpentry","High-ticket bathroom renovations ($8,000–$25,000) require an impressive photo gallery to convince York Region homeowners to hire them over big renovation studios.",$29/month Business Plan,Hi AVA Plumbing! Saw your bathroom renovation and plumbing projects in Markham & Vaughan. High-end remodels close much faster with a photo portfolio website. We can design a free website preview for you at $29/mo.
Lloyds Plumbing,Lead Plumber,24/7 Emergency Plumbing & Drain,"Brampton & Mississauga, ON",(647) 494-1140,Local community listing,"Facebook / community directory only, no dedicated website","24/7 emergency response, clogged toilets, main drain clearing, leak detection, pipe bursts","Emergency plumbing commands top dollar ($200–$500+ per visit). Without an authoritative website, homeowners call larger competitors with Google Guaranteed ads.",$29/month Business Plan,Hi Lloyds Plumbing! Noticed you offer 24/7 emergency plumbing in Brampton & Mississauga but don't have an official website listed. We can design a fast emergency tap-to-call website mockup for you for $29/mo with $0 setup.
ESA Plumbing Inc.,Licensed Plumber,Emergency Plumbing Services,"Brampton, ON",(647) 220-5462,Facebook: ESA Plumbing Inc,"Facebook page only, no company website","24/7 emergency service, burst pipe repairs, bathroom rough-ins, drain repair",Relies strictly on Facebook posts and word-of-mouth; missing consistent organic local search traffic from homeowners searching 'plumber in Brampton'.,$29/month Business Plan,Hi ESA Plumbing! Saw your emergency plumbing posts in Brampton. We can design a free 5-page mobile website preview for your licensed plumbing business at $29/mo with zero setup fee. Interested?
A&B Home Fix (Plumbing & Drains),Lead Technician,Plumbing & Drain Repairs,"Brampton, ON",(437) 848-8747,Facebook Listing,"Facebook post listing only, no website","Plumbing repairs, drain clearing, faucet/toilet replacements, sink installations",Independent technician operating without credibility assets; a simple 5-page site immediately establishes trust with local residential clients.,$19/month Core Plan,Hi A&B Home Fix! Saw your plumbing and drain repair services in Brampton. We can design a clean 5-page website preview for $19/mo ($0 setup) so homeowners can book you directly. Want to take a look?
DIMA Plumbing,Lead Plumber,Residential Plumbing,"Markham, ON",(647) 679-1381,(647) 289-9576,"Facebook page only, no website domain","General residential plumbing, fixture replacement, toilet/sink repair, leak fixes","Homeowners in Markham searching for local plumbers cannot find them on Google Maps organically due to lack of a linked, verified website.",$19/month Core Plan,Hi DIMA Plumbing! Saw your plumbing services in Markham. We can design a clean 5-page mobile website preview for your plumbing business at $19/mo with zero setup fee. Would you like to see it?
6ix Roofing Repairs,Arsen (Lead Roofer),Roofing Repairs & Emergency Roof Care,"Brampton & GTA, ON",(647) 633-1917,Facebook: 6ix Roofing Repairs,"Facebook page only (@6ix-Roofing-Repairs), no website domain","Shingle replacement, roof vent fixes, eavestrough repairs, gutter cleaning, flat roofing",Emergency roof leaks require immediate homeowner confidence. A website featuring emergency repair guarantees and instant quote requests closes calls instantly.,$29/month Business Plan,"Hi Arsen! Saw 6ix Roofing Repairs on Facebook. When storms hit the GTA, homeowners look for emergency roof repair on Google. We can design a fast 5-page estimate website for you for $29/mo with $0 setup. Want to see a concept?"
XD Roofing,Project Estimator,Roof Replacement & Siding,"Brampton & Peel Region, ON",(647) 906-4768,Facebook: XD Roofing,"Facebook page only, no dedicated website","Full roof replacement, fascia, soffit, eavestrough installation, general exterior upgrades","Roof replacements represent substantial investments ($7,000–$15,000). Homeowners expect to review a company's warranty, materials, and past installations on a website.",$29/month Business Plan,Hi XD Roofing! Saw your roofing and gutter replacement work in Brampton. A professional website makes closing $10k roof replacements much easier. We can design a free website preview for you at $29/mo ($0 setup).
Finetouch Roofing & Renovation,Project Lead,Roofing & Exterior Renovations,"Scarborough & GTA, ON",(647) 713-9105,Facebook: Finetouch Roofing,"Facebook page only, no website domain","New roof installations, shingle repairs, exterior siding and trim",Relies entirely on social posts; lacks a high-converting landing page with customer testimonials and material comparison guides.,$29/month Business Plan,Hi Finetouch Roofing! Saw your roofing and renovation work in Scarborough. We can design a clean 5-page website preview for your roofing business at $29/mo with zero setup fee. Interested?
Cannon Commercial Roofing,Commercial Estimator,Commercial & Industrial Roofing,"Brampton & GTA, ON",(905) 330-3729,cannoncommercialroofing@gmail.com,"Facebook page only, no corporate website","Commercial flat roofing, roof coatings, commercial leak diagnostics, free estimates",Commercial property managers and facility directors require an official company website and verifiable case studies before requesting bids or approving contracts.,$29/month Business Plan,Hi Cannon Roofing! Saw your commercial roofing work in Brampton. Commercial property owners always look for a company website and credentials before requesting bids. We can design a free website preview for you at $29/mo.
EPR Inc. (Roofing),Principal Contractor,Roofing Contractor,"GTA / Brampton, ON",(647) 270-3742,jumboepr@gmail.com,"Facebook page only, uses generic Gmail, no website domain","Residential shingle roofing, flat roofing, emergency patching",Using a generic personal Gmail address and having no company website diminishes credibility when bidding on larger residential and multi-unit roofing jobs.,$29/month Business Plan,Hi EPR Roofing! Noticed you handle roofing across the GTA but don't have a website or branded email listed. We can design a modern 5-page roofing website preview for you for $29/mo with $0 upfront. Would you like to take a look?
Dj Landscaping & Lawn Care,Lead Landscaper,"Landscaping, Sodding & Lawn Care","Brampton, ON",(647) 554-0181,Facebook Page,"Facebook page only, no website","Fresh sod installation, lawn grading, concrete work, regular lawn cutting, seasonal cleanups",Missing seasonal contract sign-ups for spring sodding and summer maintenance because they lack an online estimate form and service area landing pages.,$29/month Business Plan,Hi Dj Landscaping! Saw your sodding and lawn care work in Brampton. Homeowners love being able to request free sodding quotes online. We can design a free 5-page website preview for you at $29/mo ($0 setup).
Rk Landscaping,Lead Landscaper,Garden Design & Lawn Maintenance,"Brampton & Peel Region, ON",(647) 273-4483,Facebook Page,"Facebook page only, no website","Mulching, aeration, overseeding, sod installation, seasonal yard cleanups, garden maintenance",Operates via ad-hoc social posts and phone calls; lacks a package-based pricing page where homeowners can easily select monthly lawn maintenance subscriptions.,$29/month Business Plan,Hi Rk Landscaping! Saw your garden maintenance and yard cleanup posts in Brampton. We can design a clean website preview displaying recurring lawn packages for $29/mo with $0 setup. Interested?
MHN Landscaping INS,Lead Contractor,"Hardscaping, Interlock & Landscape Design","Brampton & GTA, ON",(647) 333-1515,Facebook Page,"Facebook page only, no website","Interlock patio and driveway paving, retaining walls, planting, sodding, modern backyard transformations","Hardscaping is a visual, high-ticket sale ($10,000+). Without a gallery-rich website showcasing project timelines and material selections, they lose out to contractors who look more established online.",$29/month Business Plan,Hi MHN Landscaping! Loved your interlock and patio paving projects in Brampton. Big backyard makeovers sell best through a clean photo portfolio website. We can design a free website preview for you at $29/mo.
Eagle Landscaping Works,Lead Contractor,"Interlock, Stone Work & Backyard Reno","Brampton & Peel Region, ON",(647) 244-2355,(647) 545-6066,"Facebook page only, no company website","Custom stone work, interlock driveways, walkway repairs, sodding, backyard makeover projects",Relies entirely on direct cell calls and Facebook. Lacks local Google Map SEO authority and digital case studies showing their craftsmanship.,$29/month Business Plan,Hi Eagle Landscaping! Saw your custom stone and interlock work in Brampton. We can design a sleek 5-page contractor portfolio website preview for you for $29/mo with $0 setup fee. Want to check it out?
Keystone Landscaping Services,Lead Landscaper,Landscaping & Lawn Maintenance,"Brampton & Mississauga, ON",(416) 832-6422,Call or text 416-832-6422,"Facebook listing only, no website","Grass cutting, yard cleanups, mulch installation, sodding, general property maintenance",Landscaping businesses rely on locking in recurring seasonal maintenance contracts. A professional website with package tiers streamlines seasonal contract signups.,$29/month Business Plan,Hi Keystone Landscaping! Saw your yard maintenance and cleanups in Brampton. We can design a free modern website preview for your landscaping business to get weekly mowing clients for $29/mo ($0 setup).
Arabella Landscaping & Snow Removal,Operations Lead,Landscaping & Snow Removal,"Brampton & Mississauga, ON",(647) 919-7872,Facebook: Arabella Landscaping,"Facebook page only, no dedicated website","Summer lawn maintenance, landscaping, winter commercial/residential snow plowing and salting",Dual-season contractors need to transition clients from summer lawn care to winter snow removal; a website allows them to capture winter plowing contracts months early.,$29/month Business Plan,Hi Arabella Landscaping! Saw your lawn care and snow removal in Brampton. Having a dual-season website helps lock in winter snow plowing contracts months in advance. We can design a free website preview for you for $29/mo.
Régen Lawn Care & Landscaping,Lead Specialist,Lawn Care & Aeration,"Brampton & GTA, ON",(647) 824-2702,Call or text 647-824-2702,"Facebook listing only, no website","Fertilizing, weed control, lawn food, dethatching, aerating, trenching & edging",Lawn care packages are recurring multi-step services ($300–$600 per customer); a website allows customers to select Bronze/Silver/Gold annual lawn programs online.,$29/month Business Plan,Hi Régen Lawn Care! Saw your aeration and weed control services in Brampton. We can design a free website preview for you showing annual treatment packages for $29/mo with $0 setup. Interested?
Brazier Lawn Services,Service Manager,Lawn Care & Property Maintenance,"GTA (York, Durham & Peel)",(905) 261-8664,Call or text 905-261-8664,"Facebook listing only, no website","Dethatching, aeration, overseeding, fertilizer, mulch installation, leaf cleanup",Manual text-based quoting takes too much time during busy spring/fall peaks. An online intake form with lot size options saves hours of back-and-forth.,$19/month Core Plan,Hi Brazier Lawn Services! Saw your lawn maintenance work across the GTA. We can design a clean 5-page quote website preview for you for $19/mo with $0 upfront fee. Would you like to check it out?
Frank The Handyman,Frank (Owner),Handyman Services & Interior Repairs,"Mississauga, ON",(647) 986-7700,Facebook Page,"Facebook page only, no website","Drywall repairs, interior door fixes, trim work, interior painting, fixture replacement, small home repairs","Mississauga homeowners constantly search for reliable, vetted handymen for quick fixes. Without an online booking portal or Google presence, he depends entirely on repeat clients and word-of-mouth.",$19/month Core Plan,Hi Frank! Saw your handyman repair recommendations in Mississauga. Having a simple 5-page website with your service list and rates makes neighborhood homeowners call you first. We can design a free website preview for you for $19/mo ($0 setup).
Home Pro Maintenance Inc.,Operations Lead,"Drywall, Painting & Home Maintenance","Mississauga & GTA, ON",(647) 781-1998,Facebook Page,"Facebook page only, no dedicated website","Drywall installation and taping, interior painting, baseboard installation, general residential maintenance",Struggles to convert larger residential renovation projects because they don't have a professional domain or website verifying their company credibility and business scope.,$29/month Business Plan,Hi Home Pro Maintenance! Saw your interior painting and drywall projects across Mississauga. We can design a clean 5-page project gallery website preview for you at $29/mo with zero setup fee. Want to take a look?
Renoheal,Lead Specialist,Drywall Hole & Ceiling Patch Specialist,"Markham & York Region, ON",(647) 657-6367,Facebook Page,"Facebook page only, no website","Precision drywall hole patching, ceiling leak repairs, drywall crack repair, plaster repairs, painting touch-ups","Highly specialized niche service with strong immediate demand, but lacks a simple landing page where clients can upload photos of damaged walls for an instant quote.",$29/month Business Plan,Hi Renoheal! Saw your specialized drywall hole patching service in Markham. A website where homeowners can upload pictures of drywall damage for instant quotes would double your leads. We can design a free website preview for you for $29/mo.
Johnson's Renovation & Contracting,Johnson (Owner),"Drywall, Painting & General Renovation","Markham & GTA, ON",(647) 806-6882,Facebook Page,"Facebook page only, no website","Basement framing and drywall, interior/exterior painting, flooring, general remodeling","Full basement renovations and contracting work require extensive credibility, contracts, and portfolio galleries that a basic Facebook profile cannot sufficiently provide.",$29/month Business Plan,Hi Johnson! Saw your basement and interior reno work in Markham. Large basement contracts close much faster with an online photo portfolio website. We can design a free website preview for you at $29/mo with $0 setup.
JM Contracting Systems,Lead Contractor,"Drywall, Taping & Stucco Removal","Brampton & Mississauga, ON",(416) 727-4697,Facebook: JM Contracting Systems,"Facebook page only, no website","Drywall installation, repair, popcorn/stucco ceiling removal, taping, mudding, free quotes","Stucco/popcorn ceiling removal is in high demand in Peel Region, but they miss high-intent homeowners searching on Google because they only post in Facebook groups.",$29/month Business Plan,Hi JM Contracting! Saw your drywall and stucco removal projects in Brampton/Mississauga. Homeowners searching for ceiling flattening look on Google first. We can design a free project gallery website preview for you at $29/mo.
Robbie Rob Painting & Drywall,Robbie Rob,Residential & Commercial Painting,"Brampton & Mississauga, ON",(647) 646-7074,Facebook: Robbie Rob Professional Painting,"Facebook page only, no website","Interior & exterior painting, drywall repairs, wallpaper removal, deck & fence staining, free color consult","Offers free color consultations and estimates, but has no portfolio site to showcase finished interiors to affluent homeowners looking for high-end painters.",$29/month Business Plan,Hi Robbie! Saw your interior and deck painting work in Brampton. Having a photo portfolio website makes it so much easier for clients to book color consultations. We can design a free website preview for you at $29/mo.
All Star Reno,Lead Carpenter,Home Renovation & Carpentry,"Brampton & Mississauga, ON",(647) 709-3276,Facebook: All Star Reno,"Facebook page only, no dedicated website","Custom deck building, fence installation, finish carpentry, home remodeling","Outdoor living projects (decks, pergolas, fences) sell based on visual design; an interactive gallery site generates far more qualified estimate requests.",$29/month Business Plan,Hi All Star Reno! Saw your carpentry and deck projects in Brampton. We can design a free 5-page contractor portfolio website preview for you at $29/mo ($0 setup) so homeowners can request quotes directly.
Reno People,Project Coordinator,General Home Renovation,"Brampton & Mississauga, ON",(416) 834-7157,Facebook: Reno People,"Facebook page only, no website","Full home renovation, basement finishing, kitchen/bath remodeling, interior painting","Lacks a dedicated website to showcase before/after floor plans and scope of work, making it difficult to compete against established design-build contractors.",$29/month Business Plan,Hi Reno People! Saw your home renovation work across Peel Region. We can design a sleek modern website preview with project galleries for you for $29/mo with zero setup. Interested?
HandyManABC,Customer Lead,Handyman & Property Maintenance,"Markham & York Region, ON",(647) 882-5454,Facebook: HandyManABC,"Facebook page only, no website","General home repairs, TV mounting, furniture assembly, caulking, minor fixes","Prime candidate for an affordable $19/mo 5-page Core site listing fixed upfront prices for common tasks (e.g., $75 TV mounting) to capture neighborhood homeowners.",$19/month Core Plan,Hi HandyManABC! Saw your handyman services in Markham. Having a simple 5-page website with your service list and rates makes neighborhood homeowners call you first. We can design a free website preview for you for $19/mo ($0 setup).
Derrick Brampton Handyman,Derrick (Owner),Handyman & Minor Renovations,"Brampton, ON",(647) 993-6707,Call or text 647-993-6707,"Direct phone/text and Facebook post listing only, no website","Minor home repairs, drywall patching, door adjustments, fixture installation",Operates primarily via word-of-mouth; a simple 5-page mobile website gives him a steady flow of local residential jobs when referrals are slow.,$19/month Core Plan,Hi Derrick! Saw your handyman work in Brampton. We can design a clean 5-page website preview for your local contracting work at $19/mo with $0 setup fee. Would you like to check it out?
Fastway Repair Services,Dispatch Operator,Residential Appliance Repair,"Brampton & Mississauga, ON",(647) 469-9681,Facebook Page,"Facebook page only, no company website","Refrigerator, washer, dryer, dishwasher, and oven repair across all major brands","When a refrigerator breaks down or a washer floods, homeowners search Google on mobile for 'appliance repair Brampton same day'. Without a website, Fastway misses out on high-urgency diagnostic dispatch calls.",$29/month Business Plan,"Hi Fastway! Saw your same-day appliance repair service in Brampton/Mississauga. When a fridge stops cooling, people search Google and call immediately. We can design a fast tap-to-call mobile website preview for you at $29/mo with $0 setup."
Local Appliance Repair,Service Dispatch,Multi-Brand Appliance Diagnostics & Repair,"Mississauga, Brampton & Scarborough, ON",(647) 701-2089,Facebook Business Page,"Facebook business page only, no website","Diagnostic checkups, heating element replacements, motor repairs, refrigerator cooling diagnostics","No structured price list for diagnostic fees or online booking, forcing potential customers to wait for manual text responses while they could book online with a competitor.",$29/month Business Plan,Hi Local Appliance Repair! Saw your repair posts across the GTA. Having an online booking website where clients can pick a morning or evening diagnostic window doubles bookings. We can design a free website preview for you at $29/mo.
AlphaOne Appliance Services,Service Dispatch,Appliance Repair Services,"Scarborough & Brampton, GTA",(647) 677-8600,Call or text 647-677-8600,"Facebook page only, no company website","Same-day repairs for washers, dryers, refrigerators, stoves, dishwashers","Urgent appliance breakdowns result in immediate mobile Google searches. Without a website or landing page, they lose emergency repair calls to franchised technicians.",$29/month Business Plan,"Hi AlphaOne! Saw your same-day appliance repair service in the GTA. When a fridge stops working, customers search Google on their phone and call right away. We can design a fast tap-to-call mobile website preview for you at $29/mo ($0 setup)."
Sam Appliance Repairs,Sam (Lead Tech),24/7 Appliance Repair,"Scarborough, Markham & Brampton, ON",(437) 999-7571,Facebook: Sam Appliance Repairs,"Facebook page only, no website domain","24/7 certified appliance repair, kitchen and laundry unit diagnostics","Offers 24/7 certified repairs but has no website to display brand certifications (Samsung, LG, Bosch, Whirlpool), reducing consumer trust for expensive appliances.",$29/month Business Plan,Hi Sam Appliance Repairs! Noticed you offer 24/7 appliance repair in Scarborough & Markham but don't have a website to show certifications and pricing. We can design a free website mockup for you for $29/mo with $0 setup. Interested?
Best Solution Appliance Repair,Service Tech,Appliance Repair & Installation,"Scarborough, Markham & Brampton, ON",(647) 203-3858,Facebook Listing,"Facebook only, no dedicated website",Repair and installation of kitchen and laundry appliances across major brands,Customers calling during work hours prefer submitting an online quote ticket with their appliance model number; a website contact form saves hours of phone tag.,$19/month Core Plan,Hi Best Solution! Saw your appliance repair services across Scarborough & Markham. We can design a clean 5-page website preview with an online service booking form for $19/mo with $0 upfront. Want to see how it looks?
TropicalTide Window & Eaves Cleaning,Operations Manager,Window & Gutter Cleaning,"Mississauga, Brampton, Milton & Oakville, ON",(647) 283-5519,Facebook: TropicalTide,"Facebook page only, no company website","Professional exterior window cleaning, eaves & gutter clearing, downspout flushing",Seasonal exterior cleaning relies on high-volume booking campaigns; an online quote calculator based on home square footage dramatically increases closing rates.,$29/month Business Plan,Hi TropicalTide! Saw your window and eaves cleaning services across Mississauga & Brampton. Homeowners love getting instant online quotes for gutter cleanups. We can design a free website preview for you at $29/mo ($0 setup).
ClearView GTA,Lead Washer,Pressure Washing & Window Cleaning,"GTA / Mississauga / Toronto, ON",(647) 383-8152,Facebook: ClearView GTA,"Facebook page only, no dedicated website","High-pressure power washing (driveways, walkways, siding), window cleaning","Power washing produces dramatic before-and-after results; without an interactive photo gallery site, they struggle to convince homeowners of their premium quality.",$29/month Business Plan,Hi ClearView! Saw your pressure washing and window cleaning work in the GTA. A visual before-and-after gallery website makes booking driveways effortless. We can design a free website preview for you at $29/mo.
Adam and Eaves Cleaning & Power Washing,Lead Technician,Window Cleaning & Power Washing,"Scarborough & Markham, ON",(647) 632-5574,Facebook listing,"Facebook page only, no website","Interior/exterior window cleaning, power washing, gutter cleaning & repair","Great brand name with high memorability, but lacks an online quote request form to capture Scarborough and Markham homeowners looking for annual property upkeep.",$29/month Business Plan,Hi Adam and Eaves! Love the name and saw your exterior cleaning work in Scarborough. We can design a free 5-page website preview for your exterior cleaning business for $29/mo with zero setup. Interested?
Vaughan Towing Services,Dispatch Operator,Towing & Roadside Assistance,"Vaughan & York Region, ON",(647) 490-8448,Facebook Page,"Facebook page only, no dedicated website","Flatbed towing, roadside tire changes, battery jump starts, lockout assistance",Towing is a 100% emergency mobile search market. Stranded drivers on Hwy 400 or 407 need an instant click-to-call mobile landing page.,$29/month Business Plan,"Hi Vaughan Towing! Saw your roadside and flatbed service in Vaughan. When drivers are stuck on Hwy 400/407, they call the first tap-to-call mobile website they see. We can design a free website preview for you at $29/mo."
Mehdi Towing,Mehdi (Owner),"Towing, Recovery & Roadside Assistance","Scarborough, North York & Mississauga, ON",(647) 724-1199,Facebook Page,"Facebook page only, no dedicated website","24/7 towing, accident recovery, flat tire service, emergency boost","Operates strictly on direct phone calls and Facebook, missing emergency roadside searches in Scarborough and eastern GTA.",$29/month Business Plan,Hi Mehdi! Saw your 24/7 towing and recovery service across Scarborough & North York. We can design a fast tap-to-call mobile website mockup for you for $29/mo with $0 upfront so stranded drivers find you immediately.
SSR Towing & Auto Repair,Dispatch Lead,24/7 Emergency Towing & Roadside,"Scarborough & Toronto, ON",(647) 998-8690,Facebook: SSR Towing,"Facebook page only, no website","24/7 towing, accident recovery, heavy towing, jump starts, lockouts, roadside assistance","When motorists are stranded on the 401 or DVP, they search Google on their phone and call the first business with an instant click-to-call mobile landing page.",$29/month Business Plan,"Hi SSR Towing! Saw your 24/7 emergency roadside service in Scarborough. When drivers are stranded on the 401, a fast tap-to-call mobile website gets immediate calls. We can design a free website preview for you at $29/mo."
PK Towing & Roadside Assistance,Dispatch Manager,Emergency Towing & Recovery,"Scarborough & GTA, ON",(416) 910-2742,Facebook: PK Towing,"Facebook page only, no website domain","Underground garage towing, accident recovery, battery boosts, long distance towing",Underground garage towing is a high-ticket specialty ($150–$300+). Condominium property managers and drivers frequently search Google specifically for low-clearance towing.,$29/month Business Plan,Hi PK Towing! Saw your underground and emergency towing services in Scarborough. We can design a clean mobile website preview for your towing service at $29/mo with zero setup fee. Want to take a look?
G-Force Moving Company,Booking Coordinator,Residential & Commercial Moving,"Brampton & GTA, ON",(647) 774-5686,Facebook: G-Force Moving,"Facebook page only, no website","Local & long-distance moving, apartment/house moves, commercial moving, packing","Homeowners booking movers want to review a company website for insurance, licensing, and an online inventory quote estimator before handing over their household belongings.",$29/month Business Plan,Hi G-Force Moving! Saw your moving services in Brampton. Homeowners always want to check a website for moving estimates and insurance proof before booking. We can design a free website preview for you at $29/mo.